<?xml version="1.0" encoding="UTF-8"?>
<project-private xmlns="http://www.netbeans.org/ns/project-private/1">
    <editor-bookmarks xmlns="http://www.netbeans.org/ns/editor-bookmarks/2" lastBookmarkId="0"/>
    <open-files xmlns="http://www.netbeans.org/ns/projectui-open-files/2">
        <group>
            <file>file:/Users/manthanwadiwala/IS-Coursework/INFO5100/Assignment_4/Assignment_4/src/ui/UpdateJPanel.java</file>
            <file>file:/Users/manthanwadiwala/IS-Coursework/INFO5100/Assignment_4/Assignment_4/src/ui/ReportJPanel.java</file>
            <file>file:/Users/manthanwadiwala/IS-Coursework/INFO5100/Assignment_4/Assignment_4/src/ui/EncounterJPanel.java</file>
            <file>file:/Users/manthanwadiwala/IS-Coursework/INFO5100/Assignment_4/Assignment_4/src/ui/MainJFrame.java</file>
        </group>
    </open-files>
</project-private>
